nap,mintak,q_be,q_ki,paks_cm,paks_q,paks_c,csapadek_mm,parolgas_mm,csapadek_datum,parolgas_datum
2026-08-04,0,,,-127.0,771.2,28.0,,,2026-10-05,2026-10-05
2026-08-05,0,,,-133.2,749.9,29.2,,,2026-10-05,2026-10-05
2026-08-06,0,,,-130.0,761.4,29.0,,,2026-10-05,2026-10-05
2026-08-07,0,,,-126.6,773.4,28.9,,,2026-10-05,2026-10-05
2026-08-08,0,,,-127.1,770.7,27.9,,,2026-10-05,2026-10-05
2026-08-09,0,,,-127.5,770.9,27.6,,,2026-10-05,2026-10-05
2026-08-10,0,,,-117.6,812.2,27.7,,,2026-10-05,2026-10-05
2026-08-11,0,,,-108.1,846.4,27.8,,,2026-10-05,2026-10-05
2026-08-12,0,,,-112.0,826.0,27.0,,,2026-10-05,2026-10-05
2026-08-13,0,,,-119.0,797.2,26.6,,,2026-10-05,2026-10-05
2026-08-14,0,,,-121.4,788.5,26.4,,,2026-10-05,2026-10-05
2026-08-15,0,,,-122.4,783.4,26.4,,,2026-10-05,2026-10-05
2026-08-16,0,,,-124.3,774.8,26.4,,,2026-10-05,2026-10-05
2026-08-17,0,,,-128.4,758.5,26.4,,,2026-10-05,2026-10-05
2026-08-18,0,,,-129.6,752.8,25.6,,,2026-10-05,2026-10-05
2026-08-19,0,,,-129.3,751.5,25.3,,,2026-10-05,2026-10-05
2026-08-20,0,,,-130.0,748.5,26.3,,,2026-10-05,2026-10-05
2026-08-21,0,,,-120.2,792.6,25.8,,,2026-10-05,2026-10-05
2026-08-22,0,,,-109.8,839.5,25.6,,,2026-10-05,2026-10-05
2026-08-23,0,,,-90.9,916.1,25.0,,,2026-10-05,2026-10-05
2026-08-24,0,,,-77.0,972.2,24.9,,,2026-10-05,2026-10-05
2026-08-25,0,,,-66.8,1006.8,24.5,,,2026-10-05,2026-10-05
2026-08-26,0,,,-66.6,997.5,24.0,,,2026-10-05,2026-10-05
2026-08-27,0,,,-86.0,915.4,24.9,,,2026-10-05,2026-10-05
2026-08-29,0,,,-89.6,899.7,24.3,,,2026-10-05,2026-10-05
2026-08-30,0,,,-86.7,902.4,23.9,,,2026-10-05,2026-10-05
2026-08-31,0,,,-85.5,907.4,24.3,,,2026-10-05,2026-10-05
2026-09-01,0,,,-88.0,851.6,24.2,,,2026-10-05,2026-10-05
2026-09-02,0,,,-94.7,792.9,24.0,,,2026-10-05,2026-10-05
2026-09-03,0,,,-88.3,830.2,24.0,,,2026-10-05,2026-10-05
2026-09-04,0,,,-82.1,862.3,23.9,,,2026-10-05,2026-10-05
2026-09-05,0,,,-81.9,808.7,23.6,,,2026-10-05,2026-10-05
2026-09-06,0,,,-87.8,773.8,23.0,,,2026-10-05,2026-10-05
2026-09-07,0,,,-95.8,734.8,22.5,,,2026-10-05,2026-10-05
2026-09-12,0,,,-101.0,700.0,20.9,,,2026-10-05,2026-10-05
2026-09-16,0,,,-85.0,782.0,21.7,,,2026-10-05,2026-10-05
2026-09-17,0,,,-81.8,805.5,21.3,,,2026-10-05,2026-10-05
2026-09-18,0,,,-68.7,882.9,21.5,,,2026-10-05,2026-10-05
2026-09-19,0,,,-62.6,917.5,21.5,,,2026-10-05,2026-10-05
2026-09-20,0,,,-45.6,1024.1,21.5,,,2026-10-05,2026-10-05
2026-09-21,0,,,-33.7,1078.2,21.1,,,2026-10-05,2026-10-05
2026-09-22,0,,,-53.8,917.3,19.7,,,2026-10-05,2026-10-05
2026-09-23,0,,,-75.2,797.6,19.0,,,2026-10-05,2026-10-05
2026-09-24,0,,,-88.5,740.2,18.4,,,2026-10-05,2026-10-05
2026-09-25,0,,,-96.4,702.7,17.9,,,2026-10-05,2026-10-05
2026-09-26,0,,,-97.7,699.7,18.0,,,2026-10-05,2026-10-05
2026-09-27,0,,,-92.4,726.5,18.2,,,2026-10-05,2026-10-05
2026-09-28,0,,,-85.4,759.3,18.6,,,2026-10-05,2026-10-05
2026-09-29,0,,,-84.0,759.7,18.6,,,2026-10-05,2026-10-05
2026-09-30,0,,,-94.2,710.4,18.6,,,2026-10-05,2026-10-05
2026-10-01,0,,,-105.8,658.5,18.4,,,2026-10-05,2026-10-05
2026-10-02,0,,,-115.2,620.5,18.4,,,2026-10-05,2026-10-05
2026-10-03,0,,,-117.8,612.4,18.3,0.0,0.5,2026-10-05,2026-10-05
2026-10-04,0,,,-116.4,618.3,18.0,0.0,0.48,2026-10-05,2026-10-05
2026-10-05,4,758.2,-884.0,-117.3,613.5,17.8,0.0,0.45,2026-10-05,2026-10-05
2026-10-06,4,767.8,-884.0,-118.0,611.4,17.4,,,2026-10-05,2026-10-05
2026-10-07,1,756.0,-877.0,-118.0,610.4,16.9,,,2026-10-05,2026-10-05
